atlas	runtime_strip
assets/characters/actions/blue/bicycle_4x3.png	assets/characters/runtime/actions/blue/bicycle_4x3.png
assets/characters/actions/blue/fishing_4x3.png	assets/characters/runtime/actions/blue/fishing_4x3.png
assets/characters/actions/gold/bicycle_4x3.png	assets/characters/runtime/actions/gold/bicycle_4x3.png
assets/characters/actions/gold/fishing_4x3.png	assets/characters/runtime/actions/gold/fishing_4x3.png
assets/characters/actions/green/bicycle_4x3.png	assets/characters/runtime/actions/green/bicycle_4x3.png
assets/characters/actions/green/fishing_4x3.png	assets/characters/runtime/actions/green/fishing_4x3.png
assets/characters/actions/kris/bicycle_4x3.png	assets/characters/runtime/actions/kris/bicycle_4x3.png
assets/characters/actions/kris/fishing_4x3.png	assets/characters/runtime/actions/kris/fishing_4x3.png
assets/characters/actions/red/bicycle_4x3.png	assets/characters/runtime/actions/red/bicycle_4x3.png
assets/characters/actions/red/fishing_4x3.png	assets/characters/runtime/actions/red/fishing_4x3.png
assets/characters/actions/silver/bicycle_4x3.png	assets/characters/runtime/actions/silver/bicycle_4x3.png
assets/characters/actions/silver/fishing_4x3.png	assets/characters/runtime/actions/silver/fishing_4x3.png
assets/characters/blue_cards_4x3.png	assets/characters/runtime/blue_cards_4x3.png
assets/characters/gold_cards_4x3.png	assets/characters/runtime/gold_cards_4x3.png
assets/characters/green_cards_4x3.png	assets/characters/runtime/green_cards_4x3.png
assets/characters/kris_cards_4x3.png	assets/characters/runtime/kris_cards_4x3.png
assets/characters/npcs/ace-trainer-female-gen2-kasc-hd-4x3-walk-sheet-v1.png	assets/characters/runtime/npcs/ace-trainer-female-gen2-kasc-hd-4x3-walk-sheet-v1.png
assets/characters/npcs/ace-trainer-male-gen2-kasc-hd-4x3-walk-sheet-v1.png	assets/characters/runtime/npcs/ace-trainer-male-gen2-kasc-hd-4x3-walk-sheet-v1.png
assets/characters/npcs/agatha-kasc-hd-4x3-walk-sheet-v1.png	assets/characters/runtime/npcs/agatha-kasc-hd-4x3-walk-sheet-v1.png
assets/characters/npcs/archer-kasc-hd-4x3-walk-sheet-v1.png	assets/characters/runtime/npcs/archer-kasc-hd-4x3-walk-sheet-v1.png
assets/characters/npcs/ariana-kasc-hd-4x3-walk-sheet-v1.png	assets/characters/runtime/npcs/ariana-kasc-hd-4x3-walk-sheet-v1.png
assets/characters/npcs/balding-guy-kasc-hd-4x3-walk-sheet-v1.png	assets/characters/runtime/npcs/balding-guy-kasc-hd-4x3-walk-sheet-v1.png
assets/characters/npcs/beauty-kasc-hd-4x3-walk-sheet-v1-variant-auburn-teal.png	assets/characters/runtime/npcs/beauty-kasc-hd-4x3-walk-sheet-v1-variant-auburn-teal.png
assets/characters/npcs/beauty-kasc-hd-4x3-walk-sheet-v1-variant-blond-navy.png	assets/characters/runtime/npcs/beauty-kasc-hd-4x3-walk-sheet-v1-variant-blond-navy.png
assets/characters/npcs/beauty-kasc-hd-4x3-walk-sheet-v1.png	assets/characters/runtime/npcs/beauty-kasc-hd-4x3-walk-sheet-v1.png
assets/characters/npcs/bike-shop-clerk-kasc-hd-4x3-walk-sheet-v1.png	assets/characters/runtime/npcs/bike-shop-clerk-kasc-hd-4x3-walk-sheet-v1.png
assets/characters/npcs/biker-kasc-hd-4x3-walk-sheet-v1.png	assets/characters/runtime/npcs/biker-kasc-hd-4x3-walk-sheet-v1.png
assets/characters/npcs/bill-kasc-hd-4x3-walk-sheet-v1.png	assets/characters/runtime/npcs/bill-kasc-hd-4x3-walk-sheet-v1.png
assets/characters/npcs/bird-keeper-kasc-hd-4x3-walk-sheet-v1.png	assets/characters/runtime/npcs/bird-keeper-kasc-hd-4x3-walk-sheet-v1.png
assets/characters/npcs/blackbelt-kasc-hd-4x3-walk-sheet-v1-variant-auburn-teal.png	assets/characters/runtime/npcs/blackbelt-kasc-hd-4x3-walk-sheet-v1-variant-auburn-teal.png
assets/characters/npcs/blackbelt-kasc-hd-4x3-walk-sheet-v1-variant-blond-navy.png	assets/characters/runtime/npcs/blackbelt-kasc-hd-4x3-walk-sheet-v1-variant-blond-navy.png
assets/characters/npcs/blackbelt-kasc-hd-4x3-walk-sheet-v1.png	assets/characters/runtime/npcs/blackbelt-kasc-hd-4x3-walk-sheet-v1.png
assets/characters/npcs/blaine-gen2-kasc-hd-4x3-walk-sheet-v1.png	assets/characters/runtime/npcs/blaine-gen2-kasc-hd-4x3-walk-sheet-v1.png
assets/characters/npcs/blaine-kasc-hd-4x3-walk-sheet-v1.png	assets/characters/runtime/npcs/blaine-kasc-hd-4x3-walk-sheet-v1.png
assets/characters/npcs/blue-johto-gym-kasc-hd-4x3-walk-sheet-v1.png	assets/characters/runtime/npcs/blue-johto-gym-kasc-hd-4x3-walk-sheet-v1.png
assets/characters/npcs/blue-kasc-hd-4x3-walk-sheet-v2.png	assets/characters/runtime/npcs/blue-kasc-hd-4x3-walk-sheet-v2.png
assets/characters/npcs/boarder-gen2-kasc-hd-4x3-walk-sheet-v1.png	assets/characters/runtime/npcs/boarder-gen2-kasc-hd-4x3-walk-sheet-v1.png
assets/characters/npcs/brock-gen2-kasc-hd-4x3-walk-sheet-v1.png	assets/characters/runtime/npcs/brock-gen2-kasc-hd-4x3-walk-sheet-v1.png
assets/characters/npcs/brock-kasc-hd-4x3-walk-sheet-v1.png	assets/characters/runtime/npcs/brock-kasc-hd-4x3-walk-sheet-v1.png
assets/characters/npcs/brunette-girl-kasc-hd-4x3-walk-sheet-v1.png	assets/characters/runtime/npcs/brunette-girl-kasc-hd-4x3-walk-sheet-v1.png
assets/characters/npcs/bruno-kasc-hd-4x3-walk-sheet-v1.png	assets/characters/runtime/npcs/bruno-kasc-hd-4x3-walk-sheet-v1.png
assets/characters/npcs/bug-catcher-gen1-kasc-hd-4x3-walk-sheet-v1-bug-navy.png	assets/characters/runtime/npcs/bug-catcher-gen1-kasc-hd-4x3-walk-sheet-v1-bug-navy.png
assets/characters/npcs/bug-catcher-gen1-kasc-hd-4x3-walk-sheet-v1-bug-teal.png	assets/characters/runtime/npcs/bug-catcher-gen1-kasc-hd-4x3-walk-sheet-v1-bug-teal.png
assets/characters/npcs/bug-catcher-kasc-hd-4x3-walk-sheet-v1-variant-auburn-teal.png	assets/characters/runtime/npcs/bug-catcher-kasc-hd-4x3-walk-sheet-v1-variant-auburn-teal.png
assets/characters/npcs/bug-catcher-kasc-hd-4x3-walk-sheet-v1-variant-blond-navy.png	assets/characters/runtime/npcs/bug-catcher-kasc-hd-4x3-walk-sheet-v1-variant-blond-navy.png
assets/characters/npcs/bug-catcher-kasc-hd-4x3-walk-sheet-v1.png	assets/characters/runtime/npcs/bug-catcher-kasc-hd-4x3-walk-sheet-v1.png
assets/characters/npcs/bugsy-kasc-hd-4x3-walk-sheet-v1.png	assets/characters/runtime/npcs/bugsy-kasc-hd-4x3-walk-sheet-v1.png
assets/characters/npcs/burglar-kasc-hd-4x3-walk-sheet-v1.png	assets/characters/runtime/npcs/burglar-kasc-hd-4x3-walk-sheet-v1.png
assets/characters/npcs/camper-gen2-kasc-hd-4x3-walk-sheet-v1.png	assets/characters/runtime/npcs/camper-gen2-kasc-hd-4x3-walk-sheet-v1.png
assets/characters/npcs/channeler-kasc-hd-4x3-walk-sheet-v1.png	assets/characters/runtime/npcs/channeler-kasc-hd-4x3-walk-sheet-v1.png
assets/characters/npcs/chuck-kasc-hd-4x3-walk-sheet-v1.png	assets/characters/runtime/npcs/chuck-kasc-hd-4x3-walk-sheet-v1.png
assets/characters/npcs/clair-kasc-hd-4x3-walk-sheet-v2.png	assets/characters/runtime/npcs/clair-kasc-hd-4x3-walk-sheet-v2.png
assets/characters/npcs/clerk-kasc-hd-4x3-walk-sheet-v1-variant-auburn-teal.png	assets/characters/runtime/npcs/clerk-kasc-hd-4x3-walk-sheet-v1-variant-auburn-teal.png
assets/characters/npcs/clerk-kasc-hd-4x3-walk-sheet-v1-variant-blond-navy.png	assets/characters/runtime/npcs/clerk-kasc-hd-4x3-walk-sheet-v1-variant-blond-navy.png
assets/characters/npcs/clerk-kasc-hd-4x3-walk-sheet-v1.png	assets/characters/runtime/npcs/clerk-kasc-hd-4x3-walk-sheet-v1.png
assets/characters/npcs/cook-kasc-hd-4x3-walk-sheet-v1.png	assets/characters/runtime/npcs/cook-kasc-hd-4x3-walk-sheet-v1.png
assets/characters/npcs/cooltrainer-female-kasc-hd-4x3-walk-sheet-v1-variant-auburn-teal.png	assets/characters/runtime/npcs/cooltrainer-female-kasc-hd-4x3-walk-sheet-v1-variant-auburn-teal.png
assets/characters/npcs/cooltrainer-female-kasc-hd-4x3-walk-sheet-v1-variant-blond-navy.png	assets/characters/runtime/npcs/cooltrainer-female-kasc-hd-4x3-walk-sheet-v1-variant-blond-navy.png
assets/characters/npcs/cooltrainer-female-kasc-hd-4x3-walk-sheet-v1.png	assets/characters/runtime/npcs/cooltrainer-female-kasc-hd-4x3-walk-sheet-v1.png
assets/characters/npcs/cooltrainer-male-kasc-hd-4x3-walk-sheet-v1-variant-auburn-green.png	assets/characters/runtime/npcs/cooltrainer-male-kasc-hd-4x3-walk-sheet-v1-variant-auburn-green.png
assets/characters/npcs/cooltrainer-male-kasc-hd-4x3-walk-sheet-v1-variant-blond-blue.png	assets/characters/runtime/npcs/cooltrainer-male-kasc-hd-4x3-walk-sheet-v1-variant-blond-blue.png
assets/characters/npcs/cooltrainer-male-kasc-hd-4x3-walk-sheet-v1.png	assets/characters/runtime/npcs/cooltrainer-male-kasc-hd-4x3-walk-sheet-v1.png
assets/characters/npcs/copycat-kasc-hd-4x3-walk-sheet-v1.png	assets/characters/runtime/npcs/copycat-kasc-hd-4x3-walk-sheet-v1.png
assets/characters/npcs/cue-ball-kasc-hd-4x3-walk-sheet-v1.png	assets/characters/runtime/npcs/cue-ball-kasc-hd-4x3-walk-sheet-v1.png
assets/characters/npcs/daisy-oak-kasc-hd-4x3-walk-sheet-v2.png	assets/characters/runtime/npcs/daisy-oak-kasc-hd-4x3-walk-sheet-v2.png
assets/characters/npcs/elder-gen2-kasc-hd-4x3-walk-sheet-v1.png	assets/characters/runtime/npcs/elder-gen2-kasc-hd-4x3-walk-sheet-v1.png
assets/characters/npcs/engineer-kasc-hd-4x3-walk-sheet-v1.png	assets/characters/runtime/npcs/engineer-kasc-hd-4x3-walk-sheet-v1.png
assets/characters/npcs/erika-gen2-kasc-hd-4x3-walk-sheet-v1.png	assets/characters/runtime/npcs/erika-gen2-kasc-hd-4x3-walk-sheet-v1.png
assets/characters/npcs/erika-kasc-hd-4x3-walk-sheet-v1.png	assets/characters/runtime/npcs/erika-kasc-hd-4x3-walk-sheet-v1.png
assets/characters/npcs/falkner-kasc-hd-4x3-walk-sheet-v1.png	assets/characters/runtime/npcs/falkner-kasc-hd-4x3-walk-sheet-v1.png
assets/characters/npcs/firebreather-gen2-kasc-hd-4x3-walk-sheet-v1.png	assets/characters/runtime/npcs/firebreather-gen2-kasc-hd-4x3-walk-sheet-v1.png
assets/characters/npcs/fisher-kasc-hd-4x3-walk-sheet-v1-variant-auburn-olive.png	assets/characters/runtime/npcs/fisher-kasc-hd-4x3-walk-sheet-v1-variant-auburn-olive.png
assets/characters/npcs/fisher-kasc-hd-4x3-walk-sheet-v1-variant-gray-navy.png	assets/characters/runtime/npcs/fisher-kasc-hd-4x3-walk-sheet-v1-variant-gray-navy.png
assets/characters/npcs/fisher-kasc-hd-4x3-walk-sheet-v1.png	assets/characters/runtime/npcs/fisher-kasc-hd-4x3-walk-sheet-v1.png
assets/characters/npcs/fishing-guru-kasc-hd-4x3-walk-sheet-v1-variant-auburn-teal.png	assets/characters/runtime/npcs/fishing-guru-kasc-hd-4x3-walk-sheet-v1-variant-auburn-teal.png
assets/characters/npcs/fishing-guru-kasc-hd-4x3-walk-sheet-v1-variant-blond-navy.png	assets/characters/runtime/npcs/fishing-guru-kasc-hd-4x3-walk-sheet-v1-variant-blond-navy.png
assets/characters/npcs/fishing-guru-kasc-hd-4x3-walk-sheet-v1.png	assets/characters/runtime/npcs/fishing-guru-kasc-hd-4x3-walk-sheet-v1.png
assets/characters/npcs/gambler-kasc-hd-4x3-walk-sheet-v1.png	assets/characters/runtime/npcs/gambler-kasc-hd-4x3-walk-sheet-v1.png
assets/characters/npcs/game-boy-kid-kasc-hd-4x3-walk-sheet-v1-variant-auburn-teal.png	assets/characters/runtime/npcs/game-boy-kid-kasc-hd-4x3-walk-sheet-v1-variant-auburn-teal.png
assets/characters/npcs/game-boy-kid-kasc-hd-4x3-walk-sheet-v1-variant-blond-navy.png	assets/characters/runtime/npcs/game-boy-kid-kasc-hd-4x3-walk-sheet-v1-variant-blond-navy.png
assets/characters/npcs/game-boy-kid-kasc-hd-4x3-walk-sheet-v1.png	assets/characters/runtime/npcs/game-boy-kid-kasc-hd-4x3-walk-sheet-v1.png
assets/characters/npcs/gentleman-kasc-hd-4x3-walk-sheet-v1-variant-auburn-teal.png	assets/characters/runtime/npcs/gentleman-kasc-hd-4x3-walk-sheet-v1-variant-auburn-teal.png
assets/characters/npcs/gentleman-kasc-hd-4x3-walk-sheet-v1-variant-blond-navy.png	assets/characters/runtime/npcs/gentleman-kasc-hd-4x3-walk-sheet-v1-variant-blond-navy.png
assets/characters/npcs/gentleman-kasc-hd-4x3-walk-sheet-v1.png	assets/characters/runtime/npcs/gentleman-kasc-hd-4x3-walk-sheet-v1.png
assets/characters/npcs/giovanni-kasc-hd-4x3-walk-sheet-v1.png	assets/characters/runtime/npcs/giovanni-kasc-hd-4x3-walk-sheet-v1.png
assets/characters/npcs/girl-kasc-hd-4x3-walk-sheet-v1.png	assets/characters/runtime/npcs/girl-kasc-hd-4x3-walk-sheet-v1.png
assets/characters/npcs/gold-kasc-hd-4x3-walk-sheet-v1.png	assets/characters/runtime/npcs/gold-kasc-hd-4x3-walk-sheet-v1.png
assets/characters/npcs/gramps-kasc-hd-4x3-walk-sheet-v1-variant-auburn-teal.png	assets/characters/runtime/npcs/gramps-kasc-hd-4x3-walk-sheet-v1-variant-auburn-teal.png
assets/characters/npcs/gramps-kasc-hd-4x3-walk-sheet-v1-variant-blond-navy.png	assets/characters/runtime/npcs/gramps-kasc-hd-4x3-walk-sheet-v1-variant-blond-navy.png
assets/characters/npcs/gramps-kasc-hd-4x3-walk-sheet-v1.png	assets/characters/runtime/npcs/gramps-kasc-hd-4x3-walk-sheet-v1.png
assets/characters/npcs/granny-kasc-hd-4x3-walk-sheet-v1-variant-auburn-teal.png	assets/characters/runtime/npcs/granny-kasc-hd-4x3-walk-sheet-v1-variant-auburn-teal.png
assets/characters/npcs/granny-kasc-hd-4x3-walk-sheet-v1-variant-blond-navy.png	assets/characters/runtime/npcs/granny-kasc-hd-4x3-walk-sheet-v1-variant-blond-navy.png
assets/characters/npcs/granny-kasc-hd-4x3-walk-sheet-v1.png	assets/characters/runtime/npcs/granny-kasc-hd-4x3-walk-sheet-v1.png
assets/characters/npcs/guard-kasc-hd-4x3-walk-sheet-v1.png	assets/characters/runtime/npcs/guard-kasc-hd-4x3-walk-sheet-v1.png
assets/characters/npcs/guitarist-gen2-kasc-hd-4x3-walk-sheet-v1-variant-auburn-teal.png	assets/characters/runtime/npcs/guitarist-gen2-kasc-hd-4x3-walk-sheet-v1-variant-auburn-teal.png
assets/characters/npcs/guitarist-gen2-kasc-hd-4x3-walk-sheet-v1-variant-blond-navy.png	assets/characters/runtime/npcs/guitarist-gen2-kasc-hd-4x3-walk-sheet-v1-variant-blond-navy.png
assets/characters/npcs/guitarist-gen2-kasc-hd-4x3-walk-sheet-v1.png	assets/characters/runtime/npcs/guitarist-gen2-kasc-hd-4x3-walk-sheet-v1.png
assets/characters/npcs/gym-guide-kasc-hd-4x3-walk-sheet-v1-variant-auburn-teal.png	assets/characters/runtime/npcs/gym-guide-kasc-hd-4x3-walk-sheet-v1-variant-auburn-teal.png
assets/characters/npcs/gym-guide-kasc-hd-4x3-walk-sheet-v1-variant-blond-navy.png	assets/characters/runtime/npcs/gym-guide-kasc-hd-4x3-walk-sheet-v1-variant-blond-navy.png
assets/characters/npcs/gym-guide-kasc-hd-4x3-walk-sheet-v1.png	assets/characters/runtime/npcs/gym-guide-kasc-hd-4x3-walk-sheet-v1.png
assets/characters/npcs/hiker-kasc-hd-4x3-walk-sheet-v1.png	assets/characters/runtime/npcs/hiker-kasc-hd-4x3-walk-sheet-v1.png
assets/characters/npcs/janine-kasc-hd-4x3-walk-sheet-v1.png	assets/characters/runtime/npcs/janine-kasc-hd-4x3-walk-sheet-v1.png
assets/characters/npcs/jasmine-kasc-hd-4x3-walk-sheet-v1.png	assets/characters/runtime/npcs/jasmine-kasc-hd-4x3-walk-sheet-v1.png
assets/characters/npcs/johto-mother-kasc-hd-4x3-walk-sheet-v1.png	assets/characters/runtime/npcs/johto-mother-kasc-hd-4x3-walk-sheet-v1.png
assets/characters/npcs/jr-trainer-female-kasc-hd-4x3-walk-sheet-v1.png	assets/characters/runtime/npcs/jr-trainer-female-kasc-hd-4x3-walk-sheet-v1.png
assets/characters/npcs/jr-trainer-male-kasc-hd-4x3-walk-sheet-v1.png	assets/characters/runtime/npcs/jr-trainer-male-kasc-hd-4x3-walk-sheet-v1.png
assets/characters/npcs/juggler-kasc-hd-4x3-walk-sheet-v1.png	assets/characters/runtime/npcs/juggler-kasc-hd-4x3-walk-sheet-v1.png
assets/characters/npcs/karen-kasc-hd-4x3-walk-sheet-v1.png	assets/characters/runtime/npcs/karen-kasc-hd-4x3-walk-sheet-v1.png
assets/characters/npcs/kimono-girl-gen2-kasc-hd-4x3-walk-sheet-v1.png	assets/characters/runtime/npcs/kimono-girl-gen2-kasc-hd-4x3-walk-sheet-v1.png
assets/characters/npcs/koga-gen2-kasc-hd-4x3-walk-sheet-v1.png	assets/characters/runtime/npcs/koga-gen2-kasc-hd-4x3-walk-sheet-v1.png
assets/characters/npcs/koga-kasc-hd-4x3-walk-sheet-v1.png	assets/characters/runtime/npcs/koga-kasc-hd-4x3-walk-sheet-v1.png
assets/characters/npcs/kris-kasc-hd-4x3-walk-sheet-v1.png	assets/characters/runtime/npcs/kris-kasc-hd-4x3-walk-sheet-v1.png
assets/characters/npcs/kurt-kasc-hd-4x3-walk-sheet-v1.png	assets/characters/runtime/npcs/kurt-kasc-hd-4x3-walk-sheet-v1.png
assets/characters/npcs/lance-johto-champion-kasc-hd-4x3-walk-sheet-v1.png	assets/characters/runtime/npcs/lance-johto-champion-kasc-hd-4x3-walk-sheet-v1.png
assets/characters/npcs/lance-kasc-hd-4x3-walk-sheet-v1.png	assets/characters/runtime/npcs/lance-kasc-hd-4x3-walk-sheet-v1.png
assets/characters/npcs/lass-kasc-hd-4x3-walk-sheet-v1-variant-black-blue.png	assets/characters/runtime/npcs/lass-kasc-hd-4x3-walk-sheet-v1-variant-black-blue.png
assets/characters/npcs/lass-kasc-hd-4x3-walk-sheet-v1-variant-blond-green.png	assets/characters/runtime/npcs/lass-kasc-hd-4x3-walk-sheet-v1-variant-blond-green.png
assets/characters/npcs/lass-kasc-hd-4x3-walk-sheet-v1.png	assets/characters/runtime/npcs/lass-kasc-hd-4x3-walk-sheet-v1.png
assets/characters/npcs/link-receptionist-kasc-hd-4x3-walk-sheet-v1.png	assets/characters/runtime/npcs/link-receptionist-kasc-hd-4x3-walk-sheet-v1.png
assets/characters/npcs/little-boy-kasc-hd-4x3-walk-sheet-v1.png	assets/characters/runtime/npcs/little-boy-kasc-hd-4x3-walk-sheet-v1.png
assets/characters/npcs/little-girl-kasc-hd-4x3-walk-sheet-v1.png	assets/characters/runtime/npcs/little-girl-kasc-hd-4x3-walk-sheet-v1.png
assets/characters/npcs/lorelei-kasc-hd-4x3-walk-sheet-v1.png	assets/characters/runtime/npcs/lorelei-kasc-hd-4x3-walk-sheet-v1.png
assets/characters/npcs/lt-surge-gen2-kasc-hd-4x3-walk-sheet-v1.png	assets/characters/runtime/npcs/lt-surge-gen2-kasc-hd-4x3-walk-sheet-v1.png
assets/characters/npcs/lt-surge-kasc-hd-4x3-walk-sheet-v1.png	assets/characters/runtime/npcs/lt-surge-kasc-hd-4x3-walk-sheet-v1.png
assets/characters/npcs/medium-gen2-kasc-hd-4x3-walk-sheet-v1.png	assets/characters/runtime/npcs/medium-gen2-kasc-hd-4x3-walk-sheet-v1.png
assets/characters/npcs/middle-aged-man-kasc-hd-4x3-walk-sheet-v1-variant-blond-navy.png	assets/characters/runtime/npcs/middle-aged-man-kasc-hd-4x3-walk-sheet-v1-variant-blond-navy.png
assets/characters/npcs/middle-aged-man-kasc-hd-4x3-walk-sheet-v1-variant-gray-olive.png	assets/characters/runtime/npcs/middle-aged-man-kasc-hd-4x3-walk-sheet-v1-variant-gray-olive.png
assets/characters/npcs/middle-aged-man-kasc-hd-4x3-walk-sheet-v1.png	assets/characters/runtime/npcs/middle-aged-man-kasc-hd-4x3-walk-sheet-v1.png
assets/characters/npcs/middle-aged-woman-kasc-hd-4x3-walk-sheet-v1-variant-auburn-forest.png	assets/characters/runtime/npcs/middle-aged-woman-kasc-hd-4x3-walk-sheet-v1-variant-auburn-forest.png
assets/characters/npcs/middle-aged-woman-kasc-hd-4x3-walk-sheet-v1-variant-gray-blue.png	assets/characters/runtime/npcs/middle-aged-woman-kasc-hd-4x3-walk-sheet-v1-variant-gray-blue.png
assets/characters/npcs/middle-aged-woman-kasc-hd-4x3-walk-sheet-v1.png	assets/characters/runtime/npcs/middle-aged-woman-kasc-hd-4x3-walk-sheet-v1.png
assets/characters/npcs/misty-gen2-kasc-hd-4x3-walk-sheet-v1.png	assets/characters/runtime/npcs/misty-gen2-kasc-hd-4x3-walk-sheet-v1.png
assets/characters/npcs/misty-kasc-hd-4x3-walk-sheet-v1.png	assets/characters/runtime/npcs/misty-kasc-hd-4x3-walk-sheet-v1.png
assets/characters/npcs/morty-kasc-hd-4x3-walk-sheet-v1.png	assets/characters/runtime/npcs/morty-kasc-hd-4x3-walk-sheet-v1.png
assets/characters/npcs/mr-fuji-kasc-hd-4x3-walk-sheet-v1.png	assets/characters/runtime/npcs/mr-fuji-kasc-hd-4x3-walk-sheet-v1.png
assets/characters/npcs/nurse-kasc-hd-4x3-walk-sheet-v1-variant-auburn-teal.png	assets/characters/runtime/npcs/nurse-kasc-hd-4x3-walk-sheet-v1-variant-auburn-teal.png
assets/characters/npcs/nurse-kasc-hd-4x3-walk-sheet-v1-variant-blond-navy.png	assets/characters/runtime/npcs/nurse-kasc-hd-4x3-walk-sheet-v1-variant-blond-navy.png
assets/characters/npcs/nurse-kasc-hd-4x3-walk-sheet-v1.png	assets/characters/runtime/npcs/nurse-kasc-hd-4x3-walk-sheet-v1.png
assets/characters/npcs/pharmacist-gen2-kasc-hd-4x3-walk-sheet-v1-variant-auburn-teal.png	assets/characters/runtime/npcs/pharmacist-gen2-kasc-hd-4x3-walk-sheet-v1-variant-auburn-teal.png
assets/characters/npcs/pharmacist-gen2-kasc-hd-4x3-walk-sheet-v1-variant-blond-navy.png	assets/characters/runtime/npcs/pharmacist-gen2-kasc-hd-4x3-walk-sheet-v1-variant-blond-navy.png
assets/characters/npcs/pharmacist-gen2-kasc-hd-4x3-walk-sheet-v1.png	assets/characters/runtime/npcs/pharmacist-gen2-kasc-hd-4x3-walk-sheet-v1.png
assets/characters/npcs/picnicker-gen2-kasc-hd-4x3-walk-sheet-v1.png	assets/characters/runtime/npcs/picnicker-gen2-kasc-hd-4x3-walk-sheet-v1.png
assets/characters/npcs/pokefan-female-gen2-kasc-hd-4x3-walk-sheet-v1-variant-auburn-teal.png	assets/characters/runtime/npcs/pokefan-female-gen2-kasc-hd-4x3-walk-sheet-v1-variant-auburn-teal.png
assets/characters/npcs/pokefan-female-gen2-kasc-hd-4x3-walk-sheet-v1-variant-blond-navy.png	assets/characters/runtime/npcs/pokefan-female-gen2-kasc-hd-4x3-walk-sheet-v1-variant-blond-navy.png
assets/characters/npcs/pokefan-female-gen2-kasc-hd-4x3-walk-sheet-v1.png	assets/characters/runtime/npcs/pokefan-female-gen2-kasc-hd-4x3-walk-sheet-v1.png
assets/characters/npcs/pokefan-male-gen2-kasc-hd-4x3-walk-sheet-v1-variant-auburn-teal.png	assets/characters/runtime/npcs/pokefan-male-gen2-kasc-hd-4x3-walk-sheet-v1-variant-auburn-teal.png
assets/characters/npcs/pokefan-male-gen2-kasc-hd-4x3-walk-sheet-v1-variant-blond-navy.png	assets/characters/runtime/npcs/pokefan-male-gen2-kasc-hd-4x3-walk-sheet-v1-variant-blond-navy.png
assets/characters/npcs/pokefan-male-gen2-kasc-hd-4x3-walk-sheet-v1.png	assets/characters/runtime/npcs/pokefan-male-gen2-kasc-hd-4x3-walk-sheet-v1.png
assets/characters/npcs/pokemaniac-kasc-hd-4x3-walk-sheet-v1.png	assets/characters/runtime/npcs/pokemaniac-kasc-hd-4x3-walk-sheet-v1.png
assets/characters/npcs/police-officer-gen2-kasc-hd-4x3-walk-sheet-v1-variant-auburn-teal.png	assets/characters/runtime/npcs/police-officer-gen2-kasc-hd-4x3-walk-sheet-v1-variant-auburn-teal.png
assets/characters/npcs/police-officer-gen2-kasc-hd-4x3-walk-sheet-v1-variant-blond-navy.png	assets/characters/runtime/npcs/police-officer-gen2-kasc-hd-4x3-walk-sheet-v1-variant-blond-navy.png
assets/characters/npcs/police-officer-gen2-kasc-hd-4x3-walk-sheet-v1.png	assets/characters/runtime/npcs/police-officer-gen2-kasc-hd-4x3-walk-sheet-v1.png
assets/characters/npcs/professor-elm-kasc-hd-4x3-walk-sheet-v1.png	assets/characters/runtime/npcs/professor-elm-kasc-hd-4x3-walk-sheet-v1.png
assets/characters/npcs/professor-oak-kasc-hd-4x3-walk-sheet-v1.png	assets/characters/runtime/npcs/professor-oak-kasc-hd-4x3-walk-sheet-v1.png
assets/characters/npcs/pryce-kasc-hd-4x3-walk-sheet-v1.png	assets/characters/runtime/npcs/pryce-kasc-hd-4x3-walk-sheet-v1.png
assets/characters/npcs/psychic-kasc-hd-4x3-walk-sheet-v1.png	assets/characters/runtime/npcs/psychic-kasc-hd-4x3-walk-sheet-v1.png
assets/characters/npcs/receptionist-gen2-kasc-hd-4x3-walk-sheet-v1-variant-auburn-teal.png	assets/characters/runtime/npcs/receptionist-gen2-kasc-hd-4x3-walk-sheet-v1-variant-auburn-teal.png
assets/characters/npcs/receptionist-gen2-kasc-hd-4x3-walk-sheet-v1-variant-blond-navy.png	assets/characters/runtime/npcs/receptionist-gen2-kasc-hd-4x3-walk-sheet-v1-variant-blond-navy.png
assets/characters/npcs/receptionist-gen2-kasc-hd-4x3-walk-sheet-v1.png	assets/characters/runtime/npcs/receptionist-gen2-kasc-hd-4x3-walk-sheet-v1.png
assets/characters/npcs/red-kasc-hd-4x3-walk-sheet-v2.png	assets/characters/runtime/npcs/red-kasc-hd-4x3-walk-sheet-v2.png
assets/characters/npcs/red-mt-silver-kasc-hd-4x3-walk-sheet-v1.png	assets/characters/runtime/npcs/red-mt-silver-kasc-hd-4x3-walk-sheet-v1.png
assets/characters/npcs/reds-mother-kasc-hd-4x3-walk-sheet-v2.png	assets/characters/runtime/npcs/reds-mother-kasc-hd-4x3-walk-sheet-v2.png
assets/characters/npcs/rocker-kasc-hd-4x3-walk-sheet-v1.png	assets/characters/runtime/npcs/rocker-kasc-hd-4x3-walk-sheet-v1.png
assets/characters/npcs/sabrina-gen2-kasc-hd-4x3-walk-sheet-v1.png	assets/characters/runtime/npcs/sabrina-gen2-kasc-hd-4x3-walk-sheet-v1.png
assets/characters/npcs/sabrina-kasc-hd-4x3-walk-sheet-v1.png	assets/characters/runtime/npcs/sabrina-kasc-hd-4x3-walk-sheet-v1.png
assets/characters/npcs/safari-zone-warden-kasc-hd-4x3-walk-sheet-v1.png	assets/characters/runtime/npcs/safari-zone-warden-kasc-hd-4x3-walk-sheet-v1.png
assets/characters/npcs/safari-zone-worker-kasc-hd-4x3-walk-sheet-v1.png	assets/characters/runtime/npcs/safari-zone-worker-kasc-hd-4x3-walk-sheet-v1.png
assets/characters/npcs/sage-gen2-kasc-hd-4x3-walk-sheet-v1-variant-auburn-teal.png	assets/characters/runtime/npcs/sage-gen2-kasc-hd-4x3-walk-sheet-v1-variant-auburn-teal.png
assets/characters/npcs/sage-gen2-kasc-hd-4x3-walk-sheet-v1-variant-blond-navy.png	assets/characters/runtime/npcs/sage-gen2-kasc-hd-4x3-walk-sheet-v1-variant-blond-navy.png
assets/characters/npcs/sage-gen2-kasc-hd-4x3-walk-sheet-v1.png	assets/characters/runtime/npcs/sage-gen2-kasc-hd-4x3-walk-sheet-v1.png
assets/characters/npcs/sailor-kasc-hd-4x3-walk-sheet-v1-variant-auburn-teal.png	assets/characters/runtime/npcs/sailor-kasc-hd-4x3-walk-sheet-v1-variant-auburn-teal.png
assets/characters/npcs/sailor-kasc-hd-4x3-walk-sheet-v1-variant-blond-navy.png	assets/characters/runtime/npcs/sailor-kasc-hd-4x3-walk-sheet-v1-variant-blond-navy.png
assets/characters/npcs/sailor-kasc-hd-4x3-walk-sheet-v1.png	assets/characters/runtime/npcs/sailor-kasc-hd-4x3-walk-sheet-v1.png
assets/characters/npcs/school-kid-male-gen2-kasc-hd-4x3-walk-sheet-v1.png	assets/characters/runtime/npcs/school-kid-male-gen2-kasc-hd-4x3-walk-sheet-v1.png
assets/characters/npcs/scientist-kasc-hd-4x3-walk-sheet-v1-variant-black-teal.png	assets/characters/runtime/npcs/scientist-kasc-hd-4x3-walk-sheet-v1-variant-black-teal.png
assets/characters/npcs/scientist-kasc-hd-4x3-walk-sheet-v1-variant-blond-burgundy.png	assets/characters/runtime/npcs/scientist-kasc-hd-4x3-walk-sheet-v1-variant-blond-burgundy.png
assets/characters/npcs/scientist-kasc-hd-4x3-walk-sheet-v1.png	assets/characters/runtime/npcs/scientist-kasc-hd-4x3-walk-sheet-v1.png
assets/characters/npcs/silph-president-kasc-hd-4x3-walk-sheet-v1.png	assets/characters/runtime/npcs/silph-president-kasc-hd-4x3-walk-sheet-v1.png
assets/characters/npcs/silph-worker-female-kasc-hd-4x3-walk-sheet-v1.png	assets/characters/runtime/npcs/silph-worker-female-kasc-hd-4x3-walk-sheet-v1.png
assets/characters/npcs/silph-worker-male-kasc-hd-4x3-walk-sheet-v1.png	assets/characters/runtime/npcs/silph-worker-male-kasc-hd-4x3-walk-sheet-v1.png
assets/characters/npcs/silver-kasc-hd-4x3-walk-sheet-v1.png	assets/characters/runtime/npcs/silver-kasc-hd-4x3-walk-sheet-v1.png
assets/characters/npcs/skier-female-gen2-kasc-hd-4x3-walk-sheet-v1.png	assets/characters/runtime/npcs/skier-female-gen2-kasc-hd-4x3-walk-sheet-v1.png
assets/characters/npcs/ss-anne-captain-kasc-hd-4x3-walk-sheet-v1.png	assets/characters/runtime/npcs/ss-anne-captain-kasc-hd-4x3-walk-sheet-v1.png
assets/characters/npcs/super-nerd-kasc-hd-4x3-walk-sheet-v1-variant-auburn-teal.png	assets/characters/runtime/npcs/super-nerd-kasc-hd-4x3-walk-sheet-v1-variant-auburn-teal.png
assets/characters/npcs/super-nerd-kasc-hd-4x3-walk-sheet-v1-variant-blond-navy.png	assets/characters/runtime/npcs/super-nerd-kasc-hd-4x3-walk-sheet-v1-variant-blond-navy.png
assets/characters/npcs/super-nerd-kasc-hd-4x3-walk-sheet-v1.png	assets/characters/runtime/npcs/super-nerd-kasc-hd-4x3-walk-sheet-v1.png
assets/characters/npcs/swimmer-female-gen2-kasc-hd-4x3-walk-sheet-v1-variant-auburn-teal.png	assets/characters/runtime/npcs/swimmer-female-gen2-kasc-hd-4x3-walk-sheet-v1-variant-auburn-teal.png
assets/characters/npcs/swimmer-female-gen2-kasc-hd-4x3-walk-sheet-v1-variant-blond-navy.png	assets/characters/runtime/npcs/swimmer-female-gen2-kasc-hd-4x3-walk-sheet-v1-variant-blond-navy.png
assets/characters/npcs/swimmer-female-gen2-kasc-hd-4x3-walk-sheet-v1.png	assets/characters/runtime/npcs/swimmer-female-gen2-kasc-hd-4x3-walk-sheet-v1.png
assets/characters/npcs/swimmer-kasc-hd-4x3-walk-sheet-v1.png	assets/characters/runtime/npcs/swimmer-kasc-hd-4x3-walk-sheet-v1.png
assets/characters/npcs/tamer-kasc-hd-4x3-walk-sheet-v1.png	assets/characters/runtime/npcs/tamer-kasc-hd-4x3-walk-sheet-v1.png
assets/characters/npcs/teacher-gen2-kasc-hd-4x3-walk-sheet-v1-variant-black-burgundy.png	assets/characters/runtime/npcs/teacher-gen2-kasc-hd-4x3-walk-sheet-v1-variant-black-burgundy.png
assets/characters/npcs/teacher-gen2-kasc-hd-4x3-walk-sheet-v1-variant-blond-navy.png	assets/characters/runtime/npcs/teacher-gen2-kasc-hd-4x3-walk-sheet-v1-variant-blond-navy.png
assets/characters/npcs/teacher-gen2-kasc-hd-4x3-walk-sheet-v1.png	assets/characters/runtime/npcs/teacher-gen2-kasc-hd-4x3-walk-sheet-v1.png
assets/characters/npcs/team-rocket-female-kasc-hd-4x3-walk-sheet-v1.png	assets/characters/runtime/npcs/team-rocket-female-kasc-hd-4x3-walk-sheet-v1.png
assets/characters/npcs/team-rocket-grunt-male-kasc-hd-4x3-walk-sheet-v1.png	assets/characters/runtime/npcs/team-rocket-grunt-male-kasc-hd-4x3-walk-sheet-v1.png
assets/characters/npcs/team-rocket-male-kasc-hd-4x3-walk-sheet-v1.png	assets/characters/runtime/npcs/team-rocket-male-kasc-hd-4x3-walk-sheet-v1.png
assets/characters/npcs/twins-gen2-kasc-hd-4x3-walk-sheet-v1-variant-auburn-teal.png	assets/characters/runtime/npcs/twins-gen2-kasc-hd-4x3-walk-sheet-v1-variant-auburn-teal.png
assets/characters/npcs/twins-gen2-kasc-hd-4x3-walk-sheet-v1-variant-blond-navy.png	assets/characters/runtime/npcs/twins-gen2-kasc-hd-4x3-walk-sheet-v1-variant-blond-navy.png
assets/characters/npcs/twins-gen2-kasc-hd-4x3-walk-sheet-v1.png	assets/characters/runtime/npcs/twins-gen2-kasc-hd-4x3-walk-sheet-v1.png
assets/characters/npcs/waiter-kasc-hd-4x3-walk-sheet-v1.png	assets/characters/runtime/npcs/waiter-kasc-hd-4x3-walk-sheet-v1.png
assets/characters/npcs/whitney-kasc-hd-4x3-walk-sheet-v1.png	assets/characters/runtime/npcs/whitney-kasc-hd-4x3-walk-sheet-v1.png
assets/characters/npcs/will-kasc-hd-4x3-walk-sheet-v1.png	assets/characters/runtime/npcs/will-kasc-hd-4x3-walk-sheet-v1.png
assets/characters/npcs/youngster-gen1-bald-hd-4x3-walk-sheet-v1-bald-green.png	assets/characters/runtime/npcs/youngster-gen1-bald-hd-4x3-walk-sheet-v1-bald-green.png
assets/characters/npcs/youngster-gen1-bald-hd-4x3-walk-sheet-v1-bald-red.png	assets/characters/runtime/npcs/youngster-gen1-bald-hd-4x3-walk-sheet-v1-bald-red.png
assets/characters/npcs/youngster-gen1-bald-hd-4x3-walk-sheet-v1.png	assets/characters/runtime/npcs/youngster-gen1-bald-hd-4x3-walk-sheet-v1.png
assets/characters/npcs/youngster-kasc-hd-4x3-walk-sheet-v1-variant-black-teal.png	assets/characters/runtime/npcs/youngster-kasc-hd-4x3-walk-sheet-v1-variant-black-teal.png
assets/characters/npcs/youngster-kasc-hd-4x3-walk-sheet-v1-variant-blond-red.png	assets/characters/runtime/npcs/youngster-kasc-hd-4x3-walk-sheet-v1-variant-blond-red.png
assets/characters/npcs/youngster-kasc-hd-4x3-walk-sheet-v1.png	assets/characters/runtime/npcs/youngster-kasc-hd-4x3-walk-sheet-v1.png
assets/characters/red_cards_4x3.png	assets/characters/runtime/red_cards_4x3.png
assets/characters/actions/biker/bicycle_4x3.png	assets/characters/runtime/actions/biker/bicycle_4x3.png
assets/characters/actions/cue-ball/bicycle_4x3.png	assets/characters/runtime/actions/cue-ball/bicycle_4x3.png
